[
  {
    "model": "admin.logentry",
    "pk": 1,
    "fields": {
      "action_time": "2025-02-24T17:56:34.764Z",
      "user": 1,
      "content_type": 7,
      "object_id": "1",
      "object_repr": "Who was Louis Armstrong?",
      "action_flag": 1,
      "change_message": "[{\"added\": {}}]"
    }
  },
  {
    "model": "admin.logentry",
    "pk": 2,
    "fields": {
      "action_time": "2025-02-24T17:57:35.444Z",
      "user": 1,
      "content_type": 7,
      "object_id": "2",
      "object_repr": "Django Reinhardt",
      "action_flag": 1,
      "change_message": "[{\"added\": {}}]"
    }
  },
  {
    "model": "admin.logentry",
    "pk": 3,
    "fields": {
      "action_time": "2025-02-24T17:58:45.982Z",
      "user": 1,
      "content_type": 7,
      "object_id": "3",
      "object_repr": "Les Paul",
      "action_flag": 1,
      "change_message": "[{\"added\": {}}]"
    }
  },
  {
    "model": "admin.logentry",
    "pk": 4,
    "fields": {
      "action_time": "2025-02-24T17:59:38.673Z",
      "user": 1,
      "content_type": 7,
      "object_id": "4",
      "object_repr": "Chester Burton \"Chet\" Atkins",
      "action_flag": 1,
      "change_message": "[{\"added\": {}}]"
    }
  },
  {
    "model": "admin.logentry",
    "pk": 5,
    "fields": {
      "action_time": "2025-02-27T09:53:18.423Z",
      "user": 1,
      "content_type": 8,
      "object_id": "1",
      "object_repr": "Comment by Américo on Who was Louis Armstrong?",
      "action_flag": 1,
      "change_message": "[{\"added\": {}}]"
    }
  },
  {
    "model": "admin.logentry",
    "pk": 6,
    "fields": {
      "action_time": "2025-03-03T11:05:57.693Z",
      "user": 1,
      "content_type": 9,
      "object_id": "1",
      "object_repr": "Jazz",
      "action_flag": 1,
      "change_message": "[{\"added\": {}}]"
    }
  },
  {
    "model": "admin.logentry",
    "pk": 7,
    "fields": {
      "action_time": "2025-03-03T11:06:06.633Z",
      "user": 1,
      "content_type": 9,
      "object_id": "2",
      "object_repr": "Musician",
      "action_flag": 1,
      "change_message": "[{\"added\": {}}]"
    }
  },
  {
    "model": "admin.logentry",
    "pk": 8,
    "fields": {
      "action_time": "2025-03-03T11:06:46.042Z",
      "user": 1,
      "content_type": 7,
      "object_id": "1",
      "object_repr": "Who was Louis Armstrong?",
      "action_flag": 2,
      "change_message": "[{\"changed\": {\"fields\": [\"Tags\"]}}]"
    }
  },
  {
    "model": "admin.logentry",
    "pk": 9,
    "fields": {
      "action_time": "2025-03-03T11:09:32.913Z",
      "user": 1,
      "content_type": 9,
      "object_id": "4",
      "object_repr": "Pop",
      "action_flag": 1,
      "change_message": "[{\"added\": {}}]"
    }
  },
  {
    "model": "admin.logentry",
    "pk": 10,
    "fields": {
      "action_time": "2025-03-03T11:09:56.801Z",
      "user": 1,
      "content_type": 9,
      "object_id": "3",
      "object_repr": "Musiscian",
      "action_flag": 3,
      "change_message": ""
    }
  },
  {
    "model": "admin.logentry",
    "pk": 11,
    "fields": {
      "action_time": "2025-03-03T11:10:18.909Z",
      "user": 1,
      "content_type": 9,
      "object_id": "5",
      "object_repr": "Guitarrist",
      "action_flag": 1,
      "change_message": "[{\"added\": {}}]"
    }
  },
  {
    "model": "admin.logentry",
    "pk": 12,
    "fields": {
      "action_time": "2025-03-03T11:10:27.842Z",
      "user": 1,
      "content_type": 9,
      "object_id": "6",
      "object_repr": "Trumpetist",
      "action_flag": 1,
      "change_message": "[{\"added\": {}}]"
    }
  },
  {
    "model": "admin.logentry",
    "pk": 13,
    "fields": {
      "action_time": "2025-03-03T11:10:34.413Z",
      "user": 1,
      "content_type": 9,
      "object_id": "7",
      "object_repr": "Bassist",
      "action_flag": 1,
      "change_message": "[{\"added\": {}}]"
    }
  },
  {
    "model": "admin.logentry",
    "pk": 14,
    "fields": {
      "action_time": "2025-03-03T11:10:51.376Z",
      "user": 1,
      "content_type": 8,
      "object_id": "3",
      "object_repr": "Comment by  on Django Reinhardt",
      "action_flag": 3,
      "change_message": ""
    }
  },
  {
    "model": "admin.logentry",
    "pk": 15,
    "fields": {
      "action_time": "2025-03-03T11:18:29.363Z",
      "user": 1,
      "content_type": 7,
      "object_id": "5",
      "object_repr": "John Lennon",
      "action_flag": 1,
      "change_message": "[{\"added\": {}}]"
    }
  },
  {
    "model": "admin.logentry",
    "pk": 16,
    "fields": {
      "action_time": "2025-03-03T11:19:58.398Z",
      "user": 1,
      "content_type": 9,
      "object_id": "9",
      "object_repr": "Compositor",
      "action_flag": 1,
      "change_message": "[{\"added\": {}}]"
    }
  },
  {
    "model": "admin.logentry",
    "pk": 17,
    "fields": {
      "action_time": "2025-03-03T11:20:19.686Z",
      "user": 1,
      "content_type": 7,
      "object_id": "5",
      "object_repr": "John Lennon",
      "action_flag": 2,
      "change_message": "[{\"changed\": {\"fields\": [\"Tags\"]}}]"
    }
  },
  {
    "model": "admin.logentry",
    "pk": 18,
    "fields": {
      "action_time": "2025-03-03T12:08:49.524Z",
      "user": 1,
      "content_type": 7,
      "object_id": "4",
      "object_repr": "Chester Burton \"Chet\" Atkins",
      "action_flag": 2,
      "change_message": "[{\"changed\": {\"fields\": [\"Tags\"]}}]"
    }
  },
  {
    "model": "admin.logentry",
    "pk": 19,
    "fields": {
      "action_time": "2025-03-03T12:09:11.364Z",
      "user": 1,
      "content_type": 7,
      "object_id": "4",
      "object_repr": "Chester Burton \"Chet\" Atkins",
      "action_flag": 2,
      "change_message": "[{\"changed\": {\"fields\": [\"Tags\"]}}]"
    }
  },
  {
    "model": "admin.logentry",
    "pk": 20,
    "fields": {
      "action_time": "2025-03-03T12:10:21.145Z",
      "user": 1,
      "content_type": 7,
      "object_id": "2",
      "object_repr": "Django Reinhardt",
      "action_flag": 2,
      "change_message": "[{\"changed\": {\"fields\": [\"Tags\"]}}]"
    }
  },
  {
    "model": "admin.logentry",
    "pk": 21,
    "fields": {
      "action_time": "2025-03-03T12:10:38.993Z",
      "user": 1,
      "content_type": 7,
      "object_id": "3",
      "object_repr": "Les Paul",
      "action_flag": 2,
      "change_message": "[{\"changed\": {\"fields\": [\"Tags\"]}}]"
    }
  },
  {
    "model": "admin.logentry",
    "pk": 22,
    "fields": {
      "action_time": "2025-03-03T12:12:51.046Z",
      "user": 1,
      "content_type": 8,
      "object_id": "4",
      "object_repr": "Comment by Américo on Les Paul",
      "action_flag": 2,
      "change_message": "[{\"changed\": {\"fields\": [\"Body\"]}}]"
    }
  },
  {
    "model": "admin.logentry",
    "pk": 23,
    "fields": {
      "action_time": "2025-03-03T12:24:22.323Z",
      "user": 1,
      "content_type": 7,
      "object_id": "2",
      "object_repr": "Django Reinhardt",
      "action_flag": 2,
      "change_message": "[{\"changed\": {\"fields\": [\"Tags\"]}}]"
    }
  },
  {
    "model": "admin.logentry",
    "pk": 24,
    "fields": {
      "action_time": "2025-03-03T12:24:45.052Z",
      "user": 1,
      "content_type": 9,
      "object_id": "10",
      "object_repr": "Musiscian",
      "action_flag": 3,
      "change_message": ""
    }
  },
  {
    "model": "admin.logentry",
    "pk": 25,
    "fields": {
      "action_time": "2025-03-03T12:24:45.052Z",
      "user": 1,
      "content_type": 9,
      "object_id": "11",
      "object_repr": "musician",
      "action_flag": 3,
      "change_message": ""
    }
  },
  {
    "model": "admin.logentry",
    "pk": 26,
    "fields": {
      "action_time": "2025-03-03T12:25:47.971Z",
      "user": 1,
      "content_type": 9,
      "object_id": "6",
      "object_repr": "Trumpetist",
      "action_flag": 2,
      "change_message": "[{\"added\": {\"name\": \"tagged item\", \"object\": \"Who was Louis Armstrong? tagged with Trumpetist\"}}]"
    }
  },
  {
    "model": "admin.logentry",
    "pk": 27,
    "fields": {
      "action_time": "2025-03-03T12:27:19.585Z",
      "user": 1,
      "content_type": 7,
      "object_id": "3",
      "object_repr": "Les Paul",
      "action_flag": 2,
      "change_message": "[]"
    }
  },
  {
    "model": "admin.logentry",
    "pk": 28,
    "fields": {
      "action_time": "2025-03-03T17:15:11.503Z",
      "user": 1,
      "content_type": 7,
      "object_id": "1",
      "object_repr": "Who was Louis Armstrong?",
      "action_flag": 2,
      "change_message": "[{\"changed\": {\"fields\": [\"Tags\"]}}]"
    }
  },
  {
    "model": "admin.logentry",
    "pk": 29,
    "fields": {
      "action_time": "2025-03-03T17:15:19.063Z",
      "user": 1,
      "content_type": 7,
      "object_id": "3",
      "object_repr": "Les Paul",
      "action_flag": 2,
      "change_message": "[{\"changed\": {\"fields\": [\"Tags\"]}}]"
    }
  },
  {
    "model": "admin.logentry",
    "pk": 30,
    "fields": {
      "action_time": "2025-03-03T17:15:24.239Z",
      "user": 1,
      "content_type": 7,
      "object_id": "5",
      "object_repr": "John Lennon",
      "action_flag": 2,
      "change_message": "[]"
    }
  },
  {
    "model": "admin.logentry",
    "pk": 31,
    "fields": {
      "action_time": "2025-03-03T17:15:41.405Z",
      "user": 1,
      "content_type": 7,
      "object_id": "2",
      "object_repr": "Django Reinhardt",
      "action_flag": 2,
      "change_message": "[{\"changed\": {\"fields\": [\"Tags\"]}}]"
    }
  },
  {
    "model": "admin.logentry",
    "pk": 32,
    "fields": {
      "action_time": "2025-03-04T12:15:37.917Z",
      "user": 1,
      "content_type": 7,
      "object_id": "2",
      "object_repr": "Django Reinhardt",
      "action_flag": 2,
      "change_message": "[{\"changed\": {\"fields\": [\"Body\"]}}]"
    }
  },
  {
    "model": "admin.logentry",
    "pk": 33,
    "fields": {
      "action_time": "2025-03-04T16:01:22.502Z",
      "user": 1,
      "content_type": 7,
      "object_id": "6",
      "object_repr": "Using Markdown",
      "action_flag": 1,
      "change_message": "[{\"added\": {}}]"
    }
  },
  {
    "model": "admin.logentry",
    "pk": 34,
    "fields": {
      "action_time": "2025-03-04T16:02:42.413Z",
      "user": 1,
      "content_type": 7,
      "object_id": "6",
      "object_repr": "Using Markdown",
      "action_flag": 2,
      "change_message": "[{\"changed\": {\"fields\": [\"Body\"]}}]"
    }
  },
  {
    "model": "admin.logentry",
    "pk": 35,
    "fields": {
      "action_time": "2025-03-04T16:03:22.122Z",
      "user": 1,
      "content_type": 7,
      "object_id": "6",
      "object_repr": "Using Markdown",
      "action_flag": 2,
      "change_message": "[{\"changed\": {\"fields\": [\"Body\"]}}]"
    }
  },
  {
    "model": "admin.logentry",
    "pk": 36,
    "fields": {
      "action_time": "2025-03-04T16:04:00.101Z",
      "user": 1,
      "content_type": 7,
      "object_id": "6",
      "object_repr": "Using Markdown",
      "action_flag": 2,
      "change_message": "[]"
    }
  },
  {
    "model": "admin.logentry",
    "pk": 37,
    "fields": {
      "action_time": "2025-03-04T16:06:52.431Z",
      "user": 1,
      "content_type": 7,
      "object_id": "6",
      "object_repr": "Using Markdown",
      "action_flag": 2,
      "change_message": "[{\"changed\": {\"fields\": [\"Body\"]}}]"
    }
  },
  {
    "model": "admin.logentry",
    "pk": 38,
    "fields": {
      "action_time": "2025-03-04T16:32:08.770Z",
      "user": 1,
      "content_type": 11,
      "object_id": "1",
      "object_repr": "localhost:8000",
      "action_flag": 2,
      "change_message": "[{\"changed\": {\"fields\": [\"Domain name\", \"Display name\"]}}]"
    }
  },
  {
    "model": "admin.logentry",
    "pk": 39,
    "fields": {
      "action_time": "2025-03-07T18:53:06.327Z",
      "user": 1,
      "content_type": 10,
      "object_id": "1",
      "object_repr": "Who was Louis Armstrong?",
      "action_flag": 2,
      "change_message": "[{\"changed\": {\"fields\": [\"Tags\"]}}]"
    }
  },
  {
    "model": "admin.logentry",
    "pk": 40,
    "fields": {
      "action_time": "2025-03-07T18:53:29.106Z",
      "user": 1,
      "content_type": 10,
      "object_id": "2",
      "object_repr": "Django Reinhardt",
      "action_flag": 2,
      "change_message": "[{\"changed\": {\"fields\": [\"Tags\"]}}]"
    }
  },
  {
    "model": "admin.logentry",
    "pk": 41,
    "fields": {
      "action_time": "2025-03-07T18:53:41.928Z",
      "user": 1,
      "content_type": 10,
      "object_id": "3",
      "object_repr": "Les Paul",
      "action_flag": 2,
      "change_message": "[{\"changed\": {\"fields\": [\"Tags\"]}}]"
    }
  },
  {
    "model": "admin.logentry",
    "pk": 42,
    "fields": {
      "action_time": "2025-03-07T18:54:08.781Z",
      "user": 1,
      "content_type": 10,
      "object_id": "4",
      "object_repr": "Chester Burton \"Chet\" Atkins",
      "action_flag": 2,
      "change_message": "[{\"changed\": {\"fields\": [\"Tags\"]}}]"
    }
  },
  {
    "model": "admin.logentry",
    "pk": 43,
    "fields": {
      "action_time": "2025-03-07T18:54:15.029Z",
      "user": 1,
      "content_type": 10,
      "object_id": "4",
      "object_repr": "Chester Burton \"Chet\" Atkins",
      "action_flag": 2,
      "change_message": "[]"
    }
  },
  {
    "model": "admin.logentry",
    "pk": 44,
    "fields": {
      "action_time": "2025-03-07T18:54:29.312Z",
      "user": 1,
      "content_type": 10,
      "object_id": "5",
      "object_repr": "John Lennon",
      "action_flag": 2,
      "change_message": "[{\"changed\": {\"fields\": [\"Tags\"]}}]"
    }
  },
  {
    "model": "auth.permission",
    "pk": 1,
    "fields": {
      "name": "Can add log entry",
      "content_type": 1,
      "codename": "add_logentry"
    }
  },
  {
    "model": "auth.permission",
    "pk": 2,
    "fields": {
      "name": "Can change log entry",
      "content_type": 1,
      "codename": "change_logentry"
    }
  },
  {
    "model": "auth.permission",
    "pk": 3,
    "fields": {
      "name": "Can delete log entry",
      "content_type": 1,
      "codename": "delete_logentry"
    }
  },
  {
    "model": "auth.permission",
    "pk": 4,
    "fields": {
      "name": "Can view log entry",
      "content_type": 1,
      "codename": "view_logentry"
    }
  },
  {
    "model": "auth.permission",
    "pk": 5,
    "fields": {
      "name": "Can add permission",
      "content_type": 2,
      "codename": "add_permission"
    }
  },
  {
    "model": "auth.permission",
    "pk": 6,
    "fields": {
      "name": "Can change permission",
      "content_type": 2,
      "codename": "change_permission"
    }
  },
  {
    "model": "auth.permission",
    "pk": 7,
    "fields": {
      "name": "Can delete permission",
      "content_type": 2,
      "codename": "delete_permission"
    }
  },
  {
    "model": "auth.permission",
    "pk": 8,
    "fields": {
      "name": "Can view permission",
      "content_type": 2,
      "codename": "view_permission"
    }
  },
  {
    "model": "auth.permission",
    "pk": 9,
    "fields": {
      "name": "Can add group",
      "content_type": 3,
      "codename": "add_group"
    }
  },
  {
    "model": "auth.permission",
    "pk": 10,
    "fields": {
      "name": "Can change group",
      "content_type": 3,
      "codename": "change_group"
    }
  },
  {
    "model": "auth.permission",
    "pk": 11,
    "fields": {
      "name": "Can delete group",
      "content_type": 3,
      "codename": "delete_group"
    }
  },
  {
    "model": "auth.permission",
    "pk": 12,
    "fields": {
      "name": "Can view group",
      "content_type": 3,
      "codename": "view_group"
    }
  },
  {
    "model": "auth.permission",
    "pk": 13,
    "fields": {
      "name": "Can add user",
      "content_type": 4,
      "codename": "add_user"
    }
  },
  {
    "model": "auth.permission",
    "pk": 14,
    "fields": {
      "name": "Can change user",
      "content_type": 4,
      "codename": "change_user"
    }
  },
  {
    "model": "auth.permission",
    "pk": 15,
    "fields": {
      "name": "Can delete user",
      "content_type": 4,
      "codename": "delete_user"
    }
  },
  {
    "model": "auth.permission",
    "pk": 16,
    "fields": {
      "name": "Can view user",
      "content_type": 4,
      "codename": "view_user"
    }
  },
  {
    "model": "auth.permission",
    "pk": 17,
    "fields": {
      "name": "Can add content type",
      "content_type": 5,
      "codename": "add_contenttype"
    }
  },
  {
    "model": "auth.permission",
    "pk": 18,
    "fields": {
      "name": "Can change content type",
      "content_type": 5,
      "codename": "change_contenttype"
    }
  },
  {
    "model": "auth.permission",
    "pk": 19,
    "fields": {
      "name": "Can delete content type",
      "content_type": 5,
      "codename": "delete_contenttype"
    }
  },
  {
    "model": "auth.permission",
    "pk": 20,
    "fields": {
      "name": "Can view content type",
      "content_type": 5,
      "codename": "view_contenttype"
    }
  },
  {
    "model": "auth.permission",
    "pk": 21,
    "fields": {
      "name": "Can add session",
      "content_type": 6,
      "codename": "add_session"
    }
  },
  {
    "model": "auth.permission",
    "pk": 22,
    "fields": {
      "name": "Can change session",
      "content_type": 6,
      "codename": "change_session"
    }
  },
  {
    "model": "auth.permission",
    "pk": 23,
    "fields": {
      "name": "Can delete session",
      "content_type": 6,
      "codename": "delete_session"
    }
  },
  {
    "model": "auth.permission",
    "pk": 24,
    "fields": {
      "name": "Can view session",
      "content_type": 6,
      "codename": "view_session"
    }
  },
  {
    "model": "auth.permission",
    "pk": 25,
    "fields": {
      "name": "Can add site",
      "content_type": 7,
      "codename": "add_site"
    }
  },
  {
    "model": "auth.permission",
    "pk": 26,
    "fields": {
      "name": "Can change site",
      "content_type": 7,
      "codename": "change_site"
    }
  },
  {
    "model": "auth.permission",
    "pk": 27,
    "fields": {
      "name": "Can delete site",
      "content_type": 7,
      "codename": "delete_site"
    }
  },
  {
    "model": "auth.permission",
    "pk": 28,
    "fields": {
      "name": "Can view site",
      "content_type": 7,
      "codename": "view_site"
    }
  },
  {
    "model": "auth.permission",
    "pk": 29,
    "fields": {
      "name": "Can add tag",
      "content_type": 8,
      "codename": "add_tag"
    }
  },
  {
    "model": "auth.permission",
    "pk": 30,
    "fields": {
      "name": "Can change tag",
      "content_type": 8,
      "codename": "change_tag"
    }
  },
  {
    "model": "auth.permission",
    "pk": 31,
    "fields": {
      "name": "Can delete tag",
      "content_type": 8,
      "codename": "delete_tag"
    }
  },
  {
    "model": "auth.permission",
    "pk": 32,
    "fields": {
      "name": "Can view tag",
      "content_type": 8,
      "codename": "view_tag"
    }
  },
  {
    "model": "auth.permission",
    "pk": 33,
    "fields": {
      "name": "Can add tagged item",
      "content_type": 9,
      "codename": "add_taggeditem"
    }
  },
  {
    "model": "auth.permission",
    "pk": 34,
    "fields": {
      "name": "Can change tagged item",
      "content_type": 9,
      "codename": "change_taggeditem"
    }
  },
  {
    "model": "auth.permission",
    "pk": 35,
    "fields": {
      "name": "Can delete tagged item",
      "content_type": 9,
      "codename": "delete_taggeditem"
    }
  },
  {
    "model": "auth.permission",
    "pk": 36,
    "fields": {
      "name": "Can view tagged item",
      "content_type": 9,
      "codename": "view_taggeditem"
    }
  },
  {
    "model": "auth.permission",
    "pk": 37,
    "fields": {
      "name": "Can add post",
      "content_type": 10,
      "codename": "add_post"
    }
  },
  {
    "model": "auth.permission",
    "pk": 38,
    "fields": {
      "name": "Can change post",
      "content_type": 10,
      "codename": "change_post"
    }
  },
  {
    "model": "auth.permission",
    "pk": 39,
    "fields": {
      "name": "Can delete post",
      "content_type": 10,
      "codename": "delete_post"
    }
  },
  {
    "model": "auth.permission",
    "pk": 40,
    "fields": {
      "name": "Can view post",
      "content_type": 10,
      "codename": "view_post"
    }
  },
  {
    "model": "auth.permission",
    "pk": 41,
    "fields": {
      "name": "Can add comment",
      "content_type": 11,
      "codename": "add_comment"
    }
  },
  {
    "model": "auth.permission",
    "pk": 42,
    "fields": {
      "name": "Can change comment",
      "content_type": 11,
      "codename": "change_comment"
    }
  },
  {
    "model": "auth.permission",
    "pk": 43,
    "fields": {
      "name": "Can delete comment",
      "content_type": 11,
      "codename": "delete_comment"
    }
  },
  {
    "model": "auth.permission",
    "pk": 44,
    "fields": {
      "name": "Can view comment",
      "content_type": 11,
      "codename": "view_comment"
    }
  },
  {
    "model": "auth.user",
    "pk": 1,
    "fields": {
      "password": "pbkdf2_sha256$870000$J0bRzhwiWQUg4mvMCogf0B$Op6jSq9WUYHFA/nG89MEIsUKmk4Grf+exoqYKYNQUmg=",
      "last_login": "2025-03-07T18:52:20.146Z",
      "is_superuser": true,
      "username": "admin",
      "first_name": "",
      "last_name": "",
      "email": "admin@blog.com",
      "is_staff": true,
      "is_active": true,
      "date_joined": "2025-02-24T17:54:39.196Z",
      "groups": [],
      "user_permissions": []
    }
  },
  {
    "model": "contenttypes.contenttype",
    "pk": 1,
    "fields": {
      "app_label": "admin",
      "model": "logentry"
    }
  },
  {
    "model": "contenttypes.contenttype",
    "pk": 2,
    "fields": {
      "app_label": "auth",
      "model": "permission"
    }
  },
  {
    "model": "contenttypes.contenttype",
    "pk": 3,
    "fields": {
      "app_label": "auth",
      "model": "group"
    }
  },
  {
    "model": "contenttypes.contenttype",
    "pk": 4,
    "fields": {
      "app_label": "auth",
      "model": "user"
    }
  },
  {
    "model": "contenttypes.contenttype",
    "pk": 5,
    "fields": {
      "app_label": "contenttypes",
      "model": "contenttype"
    }
  },
  {
    "model": "contenttypes.contenttype",
    "pk": 6,
    "fields": {
      "app_label": "sessions",
      "model": "session"
    }
  },
  {
    "model": "contenttypes.contenttype",
    "pk": 7,
    "fields": {
      "app_label": "sites",
      "model": "site"
    }
  },
  {
    "model": "contenttypes.contenttype",
    "pk": 8,
    "fields": {
      "app_label": "taggit",
      "model": "tag"
    }
  },
  {
    "model": "contenttypes.contenttype",
    "pk": 9,
    "fields": {
      "app_label": "taggit",
      "model": "taggeditem"
    }
  },
  {
    "model": "contenttypes.contenttype",
    "pk": 10,
    "fields": {
      "app_label": "blog",
      "model": "post"
    }
  },
  {
    "model": "contenttypes.contenttype",
    "pk": 11,
    "fields": {
      "app_label": "blog",
      "model": "comment"
    }
  },
  {
    "model": "sessions.session",
    "pk": "u57k0jkbdpfmvs7d4etjw5pf9o5ut64z",
    "fields": {
      "session_data": ".eJxVjMEOwiAQBf-FsyGFlQU8eu83EGBBqgaS0p6M_64kPej1zcx7Mef3rbi9p9UtxC5MsNPvFnx8pDoA3X29NR5b3dYl8KHwg3Y-N0rP6-H-HRTfy7dWQgDBRAqFCgRGQkYlMAgkzGhjhmyNkTkB6qxtRD3J4Vplo1dnz94fubM2zw:1tnaPu:GQzCwu7vEeA24r2j3uHiwZdu2kuMvgcFZKSQTvTkxc8",
      "expire_date": "2025-03-13T09:42:54.911Z"
    }
  },
  {
    "model": "sessions.session",
    "pk": "vulni4ucq17iafnrhpiovasczlgvry4s",
    "fields": {
      "session_data": ".eJxVjMEOwiAQBf-FsyEFChSP3vsNZGFZqRpISnsy_rs06UGv82bem3nYt-z3lla_ILsywS6_LEB8pnIM-IByrzzWsq1L4IfCz7XxuWJ63U737yBDy70mkioguEHQJFHTGAwYssbFFEBoF1BJYzsfrI6IZIQ22sYkJjWKHrDPF_6XOA0:1tqco0:1uuXH0wMKU1zAbFmW9Z233jGVXkJ5uHQA3kqLfFoYJ8",
      "expire_date": "2025-03-21T18:52:20.149Z"
    }
  },
  {
    "model": "sites.site",
    "pk": 1,
    "fields": {
      "domain": "localhost:8000",
      "name": "localhost:8000"
    }
  },
  {
    "model": "taggit.tag",
    "pk": 1,
    "fields": {
      "name": "Jazz",
      "slug": "jazz"
    }
  },
  {
    "model": "taggit.tag",
    "pk": 2,
    "fields": {
      "name": "Musician",
      "slug": "musician"
    }
  },
  {
    "model": "taggit.tag",
    "pk": 4,
    "fields": {
      "name": "Pop",
      "slug": "pop"
    }
  },
  {
    "model": "taggit.tag",
    "pk": 5,
    "fields": {
      "name": "Guitarrist",
      "slug": "guitarrist"
    }
  },
  {
    "model": "taggit.tag",
    "pk": 6,
    "fields": {
      "name": "Trumpetist",
      "slug": "trumpetist"
    }
  },
  {
    "model": "taggit.tag",
    "pk": 7,
    "fields": {
      "name": "Bassist",
      "slug": "bassist"
    }
  },
  {
    "model": "taggit.tag",
    "pk": 8,
    "fields": {
      "name": "Singer",
      "slug": "singer"
    }
  },
  {
    "model": "taggit.tag",
    "pk": 9,
    "fields": {
      "name": "Compositor",
      "slug": "compositor"
    }
  },
  {
    "model": "taggit.tag",
    "pk": 12,
    "fields": {
      "name": "Markdown",
      "slug": "markdown"
    }
  },
  {
    "model": "taggit.tag",
    "pk": 13,
    "fields": {
      "name": "Producer",
      "slug": "producer"
    }
  },
  {
    "model": "taggit.taggeditem",
    "pk": 1,
    "fields": {
      "tag": 1,
      "content_type": 7,
      "object_id": 1
    }
  },
  {
    "model": "taggit.taggeditem",
    "pk": 3,
    "fields": {
      "tag": 8,
      "content_type": 7,
      "object_id": 5
    }
  },
  {
    "model": "taggit.taggeditem",
    "pk": 4,
    "fields": {
      "tag": 9,
      "content_type": 7,
      "object_id": 5
    }
  },
  {
    "model": "taggit.taggeditem",
    "pk": 6,
    "fields": {
      "tag": 5,
      "content_type": 7,
      "object_id": 4
    }
  },
  {
    "model": "taggit.taggeditem",
    "pk": 7,
    "fields": {
      "tag": 1,
      "content_type": 7,
      "object_id": 2
    }
  },
  {
    "model": "taggit.taggeditem",
    "pk": 9,
    "fields": {
      "tag": 5,
      "content_type": 7,
      "object_id": 3
    }
  },
  {
    "model": "taggit.taggeditem",
    "pk": 11,
    "fields": {
      "tag": 6,
      "content_type": 7,
      "object_id": 1
    }
  },
  {
    "model": "taggit.taggeditem",
    "pk": 12,
    "fields": {
      "tag": 2,
      "content_type": 7,
      "object_id": 1
    }
  },
  {
    "model": "taggit.taggeditem",
    "pk": 13,
    "fields": {
      "tag": 1,
      "content_type": 7,
      "object_id": 3
    }
  },
  {
    "model": "taggit.taggeditem",
    "pk": 14,
    "fields": {
      "tag": 2,
      "content_type": 7,
      "object_id": 2
    }
  },
  {
    "model": "taggit.taggeditem",
    "pk": 15,
    "fields": {
      "tag": 12,
      "content_type": 7,
      "object_id": 6
    }
  },
  {
    "model": "taggit.taggeditem",
    "pk": 16,
    "fields": {
      "tag": 1,
      "content_type": 10,
      "object_id": 1
    }
  },
  {
    "model": "taggit.taggeditem",
    "pk": 17,
    "fields": {
      "tag": 2,
      "content_type": 10,
      "object_id": 1
    }
  },
  {
    "model": "taggit.taggeditem",
    "pk": 18,
    "fields": {
      "tag": 8,
      "content_type": 10,
      "object_id": 1
    }
  },
  {
    "model": "taggit.taggeditem",
    "pk": 19,
    "fields": {
      "tag": 6,
      "content_type": 10,
      "object_id": 1
    }
  },
  {
    "model": "taggit.taggeditem",
    "pk": 20,
    "fields": {
      "tag": 5,
      "content_type": 10,
      "object_id": 2
    }
  },
  {
    "model": "taggit.taggeditem",
    "pk": 21,
    "fields": {
      "tag": 1,
      "content_type": 10,
      "object_id": 2
    }
  },
  {
    "model": "taggit.taggeditem",
    "pk": 22,
    "fields": {
      "tag": 5,
      "content_type": 10,
      "object_id": 3
    }
  },
  {
    "model": "taggit.taggeditem",
    "pk": 23,
    "fields": {
      "tag": 2,
      "content_type": 10,
      "object_id": 3
    }
  },
  {
    "model": "taggit.taggeditem",
    "pk": 24,
    "fields": {
      "tag": 5,
      "content_type": 10,
      "object_id": 4
    }
  },
  {
    "model": "taggit.taggeditem",
    "pk": 25,
    "fields": {
      "tag": 2,
      "content_type": 10,
      "object_id": 4
    }
  },
  {
    "model": "taggit.taggeditem",
    "pk": 26,
    "fields": {
      "tag": 13,
      "content_type": 10,
      "object_id": 4
    }
  },
  {
    "model": "taggit.taggeditem",
    "pk": 27,
    "fields": {
      "tag": 9,
      "content_type": 10,
      "object_id": 5
    }
  },
  {
    "model": "taggit.taggeditem",
    "pk": 28,
    "fields": {
      "tag": 13,
      "content_type": 10,
      "object_id": 5
    }
  },
  {
    "model": "taggit.taggeditem",
    "pk": 29,
    "fields": {
      "tag": 8,
      "content_type": 10,
      "object_id": 5
    }
  },
  {
    "model": "blog.post",
    "pk": 1,
    "fields": {
      "title": "Who was Louis Armstrong?",
      "slug": "who-was-louis-armstrong",
      "body": "Louis Daniel Armstronga​b​(Nueva Orleans, 4 de agosto de 1901c​- Nueva York, 6 de julio de 1971), también conocido como Satchmo o Pops, fue un trompetista y cantante estadounidense de jazz.\r\nSe trata de una de las figuras más carismáticas e innovadoras de la historia del jazz y, probablemente, su músico más popular. Gracias a sus habilidades musicales y a su brillante personalidad, transformó el jazz desde su condición inicial de música de baile, en una forma de arte popular. Aunque en el arranque de su carrera cimentó su fama sobre todo como cornetista y trompetista, más adelante sería su condición de vocalista la que le consagraría como una figura internacionalmente reconocida y de enorme influencia para el canto jazzístico.",
      "publish": "2025-02-24T17:56:05Z",
      "created": "2025-02-24T17:56:34.763Z",
      "updated": "2025-03-07T18:53:06.303Z",
      "status": "PB",
      "author": 1
    }
  },
  {
    "model": "blog.post",
    "pk": 2,
    "fields": {
      "title": "Django Reinhardt",
      "slug": "django-reinhardt",
      "body": "Jean Django Reinhardt (Liberchies, Bélgica, 23 de enero de 1910- Samois-sur-Seine, Francia, 16 de mayo de 1953) fue un músico de jazz de origen gitano sinti.\r\n\r\nSe trata del primer músico de jazz originario de Europa que ejerció una influencia similar a la de los grandes artistas estadounidenses. Su música es el resultado de la fusión entre el swing y la tradición musical gitana del este europeo, lo que se conoce en inglés con el nombre de «gypsy jazz» y en francés como «jazz manouche» («jazz gitano»).\r\n\r\nReinhardt revoluciona el toque de guitarra en el jazz, justamente antes de que se empezara a utilizar la amplificación. Sobre la base de un contrabajo, de dos guitarras rítmicas y del habitual violín de Stéphane Grappelli, Django desarrolla una música alegre y extraordinariamente flexible. Sus conceptos armónicos fueron sorprendentes en su época, por lo que impresionó a músicos como Charlie Christian y Les Paul; además, su influencia sobre el swing fue decisiva para la decantación de uno de sus estilos (el llamado «Western swing») en la música country.\r\nAunque no sabía leer música, Reinhardt compuso —a solas y junto a Grappelli— varias melodías sumamente originales y exitosas, como «Daphne», «Nuages», «Manoir de Mes Rêves», «Minor Swing» y la oda a su compañía discográfica de los años treinta, «Stomping at Decca».",
      "publish": "2025-02-24T17:57:12Z",
      "created": "2025-02-24T17:57:35.443Z",
      "updated": "2025-03-07T18:53:29.089Z",
      "status": "PB",
      "author": 1
    }
  },
  {
    "model": "blog.post",
    "pk": 3,
    "fields": {
      "title": "Les Paul",
      "slug": "les-paul",
      "body": "Lester William Polsfuss (Waukesha, Wisconsin, 9 de junio de 1915-Nueva York, 13 de agosto de 2009), conocido como Les Paul, fue un guitarrista estadounidense de jazz.\r\nFue una de las más importantes figuras en el desarrollo de instrumentos musicales eléctricos y técnicas de grabación. Fue pionero en el desarrollo de las guitarras de cuerpo macizo con el diseño de los modelos Gibson Les Paul, que adoptaron su nombre, y en la grabación multipista. Su destreza en el manejo de la guitarra y las innovaciones técnicas que introdujo en el instrumento le hicieron ser conocido como «El mago de Waukesha».",
      "publish": "2025-02-24T17:58:26Z",
      "created": "2025-02-24T17:58:45.981Z",
      "updated": "2025-03-07T18:53:41.910Z",
      "status": "PB",
      "author": 1
    }
  },
  {
    "model": "blog.post",
    "pk": 4,
    "fields": {
      "title": "Chester Burton \"Chet\" Atkins",
      "slug": "chester-burton-chet-atkins",
      "body": "Chester Burton \"Chet\" Atkins (20 de junio de 1924 – 30 de junio de 2001) fue un influyente guitarrista y productor de country. Su estilo —inspirado por Merle Travis, Django Reinhardt, George Barnes y Les Paul—1​ le trajo admiradores dentro y fuera de la escena de EE. UU. Atkins produjo discos para Eddy Arnold, Don Gibson, Jim Reeves, Connie Smith, y Waylon Jennings.\r\nTambién conocido como \"Mr. Guitar\" y \"The Country Gentleman\", junto con Owen Bradley y Bob Ferguson, ayudó a crear el sonido Nashville, el estilo de música country que amplió su atractivo para los aficionados a la música pop adulta.2​ Era principalmente guitarrista, pero también tocaba la mandolina, el violín, el banjo y el ukelele, y ocasionalmente cantaba.\r\nLa revista Rolling Stone atribuyó a Atkins la invención del \"sonido pop de Nashville\" que rescató a la música country de un bache comercial\" y lo incluyó en el puesto 21 de su lista de \"Los 100 mejores guitarristas de todos los tiempos\". En 2023, Atkins fue nombrado el 39.º mejor guitarrista de todos los tiempos.3​ Entre otros muchos galardones, Atkins recibió 14 premios Grammy y el Grammy Lifetime Achievement Award. También recibió nueve premios de la Country Music Association al Instrumentista del Año. Fue incluido en el Salón de la Fama del Rock and Roll, el Salón de la Fama y Museo de la Música Country y el Salón de la Fama y Museo de los Músicos. George Harrison también se inspiró en Chet Atkins; canciones tempranas de los Beatles como \"All My Loving\" muestran la influencia.",
      "publish": "2025-02-24T17:59:14Z",
      "created": "2025-02-24T17:59:38.672Z",
      "updated": "2025-03-07T18:54:15.021Z",
      "status": "PB",
      "author": 1
    }
  },
  {
    "model": "blog.post",
    "pk": 5,
    "fields": {
      "title": "John Lennon",
      "slug": "john-lennon",
      "body": "John Winston Ono Lennon (nacido como John Winston Lennon; Liverpool, 9 de octubre de 1940-Nueva York, 8 de diciembre de 1980) fue un artista, músico, cantautor, actor, activista, compositor, productor, escritor y pacifista británico, conocido por ser el fundador, co-vocalista y guitarrista rítmico de la banda de rock The Beatles y considerado uno de los artistas más influyentes del siglo XX. Su asociación como compositor con Paul McCartney sigue siendo la más exitosa de la historia como principales compositores de The Beatles.\r\nNació en Liverpool, donde siendo adolescente se vio inmerso en el boom británico del skiffle; formó la banda The Quarrymen en 1956, que posteriormente en 1960 se convertiría en The Beatles. Cuando el grupo se disolvió, Lennon inició una carrera como solista en la que publicó varios álbumes como John Lennon/Plastic Ono Band e Imagine, y canciones icónicas como «Give Peace a Chance» e «Imagine»; la mayoría de ellas expresan sus ideas pacifistas. Después de contraer matrimonio con Yoko Ono en 1969 cambió su nombre a John Ono Lennon. Se retiró temporalmente de la escena musical en 1975 para criar a su pequeño hijo Sean, pero resurgió junto con Ono en 1980 con el nuevo álbum Double Fantasy. En diciembre de ese mismo año, Lennon sería asesinado a sus 40 años de edad con cinco disparos de arma por Mark David Chapman, quien era uno de sus fanes.\r\nDemostró un carácter rebelde y un ingenio mordaz en su música, el cine, la literatura y el dibujo, así como en sus declaraciones en conferencias de prensa y entrevistas. Además, la polémica lo persiguió debido a su constante activismo político junto a Ono. En 1971 se mudó a Manhattan, donde su oposición a la guerra de Vietnam y su capacidad de movilizar gente dio lugar a numerosos intentos por parte del gobierno de Richard Nixon de encarcelarlo y expulsarlo del país; mientras, sus canciones fueron adoptadas como himnos de la contracultura y de diversas disidencias.\r\nHasta 2012, en los Estados Unidos las ventas de Lennon como solista superaban los catorce millones de unidades, y ya sea como intérprete, autor o coautor, es responsable de veinticinco sencillos número uno en el Billboard Hot 100. En 2002, fue colocado en el octavo puesto en una encuesta de la BBC sobre los «100 mejores británicos», mientras que en 2008 fue calificado por la revista Rolling Stone como el quinto mejor cantante de todos los tiempos. Además, figura como el tercer mejor compositor de todos los tiempos de la misma publicación solamente superado por Paul McCartney y Bob Dylan. Después de su muerte fue incluido en el Salón de la Fama de los Compositores en 1987 y en el Salón de la Fama del Rock en 1994.",
      "publish": "2025-03-03T11:17:08Z",
      "created": "2025-03-03T11:18:29.358Z",
      "updated": "2025-03-07T18:54:29.291Z",
      "status": "PB",
      "author": 1
    }
  },
  {
    "model": "blog.post",
    "pk": 6,
    "fields": {
      "title": "Using Markdown",
      "slug": "using-markdown",
      "body": "This is a post formatted with markdown\r\n--------------------------------------\r\n*This is emphasized* and **this is more emphasized**.\r\nHere is a list:\r\n- One\r\n- Two\r\n- Three\r\nAnd a [link to the Django website](https://www.djangoproject.com/).\r\n\r\nExcerpt From\r\nDjango 5 By Example_Fifth Edition\r\nAntonio Melé\r\nThis material may be protected by copyright.",
      "publish": "2025-03-04T16:00:26Z",
      "created": "2025-03-04T16:01:22.497Z",
      "updated": "2025-03-04T16:06:52.428Z",
      "status": "PB",
      "author": 1
    }
  },
  {
    "model": "blog.comment",
    "pk": 1,
    "fields": {
      "post": 1,
      "name": "Américo",
      "email": "americo@home.com",
      "body": "Great post!!",
      "created": "2025-02-27T09:53:18.422Z",
      "updated": "2025-02-27T09:53:18.422Z",
      "active": true
    }
  },
  {
    "model": "blog.comment",
    "pk": 2,
    "fields": {
      "post": 1,
      "name": "admin",
      "email": "admin@got.com",
      "body": "Thanks",
      "created": "2025-02-27T09:54:21.212Z",
      "updated": "2025-02-27T09:54:21.213Z",
      "active": true
    }
  },
  {
    "model": "blog.comment",
    "pk": 4,
    "fields": {
      "post": 3,
      "name": "Américo",
      "email": "Cot@me.com",
      "body": "Great fabricant of guitars",
      "created": "2025-02-27T11:51:06.318Z",
      "updated": "2025-03-03T12:12:51.045Z",
      "active": true
    }
  },
  {
    "model": "blog.comment",
    "pk": 5,
    "fields": {
      "post": 1,
      "name": "Pepe",
      "email": "pepe@got.com",
      "body": "I liked very much!!!!",
      "created": "2025-02-27T12:18:47.891Z",
      "updated": "2025-02-27T12:18:47.891Z",
      "active": true
    }
  },
  {
    "model": "blog.comment",
    "pk": 6,
    "fields": {
      "post": 2,
      "name": "Américo",
      "email": "pep@hotmail.com",
      "body": "Hello Friend!!!",
      "created": "2025-02-28T11:01:46.902Z",
      "updated": "2025-02-28T11:01:46.902Z",
      "active": true
    }
  },
  {
    "model": "blog.comment",
    "pk": 7,
    "fields": {
      "post": 3,
      "name": "Pepe",
      "email": "pep@hotmail.com",
      "body": "Like you to!!",
      "created": "2025-02-28T11:02:27.742Z",
      "updated": "2025-02-28T11:02:27.742Z",
      "active": true
    }
  }
]
